{"cameraMode":{"drawMode":0,"name":"Shaded","section":"Shading Mode"},"sceneLighting":false,"audioPlay":false,"sceneViewState":{"m_AlwaysRefresh":false,"showFog":true,"showSkybox":true,"showFlares":true,"showImageEffects":true,"showParticleSystems":true,"showVisualEffectGraphs":true,"m_FxEnabled":true},"in2DMode":false,"pivot":{"x":10.896944999694825,"y":-0.7712118625640869,"z":-13.282049179077149},"rotation":{"x":-0.046902015805244449,"y":0.7979238629341126,"z":-0.06261139363050461,"w":-0.5976713299751282},"size":4.565097808837891,"orthographic":false}