{"cameraMode":{"drawMode":0,"name":"Shaded","section":"Shading Mode"},"sceneLighting":false,"audioPlay":false,"sceneViewState":{"m_AlwaysRefresh":false,"showFog":true,"showSkybox":true,"showFlares":true,"showImageEffects":true,"showParticleSystems":true,"showVisualEffectGraphs":true,"m_FxEnabled":true},"in2DMode":false,"pivot":{"x":9.43246078491211,"y":18.972564697265626,"z":3.878713607788086},"rotation":{"x":0.12741109728813172,"y":0.02825929969549179,"z":-0.003633206943050027,"w":0.9914451241493225},"size":22.294137954711915,"orthographic":false}