{"cameraMode":{"drawMode":0,"name":"Shaded","section":"Shading Mode"},"sceneLighting":false,"audioPlay":false,"sceneViewState":{"m_AlwaysRefresh":false,"showFog":true,"showSkybox":true,"showFlares":true,"showImageEffects":true,"showParticleSystems":true,"showVisualEffectGraphs":true,"m_FxEnabled":true},"in2DMode":false,"pivot":{"x":-39.387428283691409,"y":34.002655029296878,"z":-14.104743957519532},"rotation":{"x":-0.017736930400133134,"y":0.8222101330757141,"z":-0.5683290958404541,"w":-0.025660589337348939},"size":151.0308837890625,"orthographic":false}