{"cameraMode":{"drawMode":0,"name":"Shaded","section":"Shading Mode"},"sceneLighting":true,"audioPlay":false,"sceneViewState":{"m_AlwaysRefresh":false,"showFog":true,"showSkybox":true,"showFlares":true,"showImageEffects":true,"showParticleSystems":true,"showVisualEffectGraphs":true,"m_FxEnabled":true},"in2DMode":false,"pivot":{"x":-33.7196159362793,"y":1.4783642292022706,"z":0.6551892757415772},"rotation":{"x":0.17954353988170625,"y":0.018589742481708528,"z":-0.0033919033594429495,"w":0.9835672974586487},"size":5.20716667175293,"orthographic":false}