{"cameraMode":{"drawMode":0,"name":"Shaded","section":"Shading Mode"},"sceneLighting":true,"audioPlay":false,"sceneViewState":{"m_AlwaysRefresh":false,"showFog":true,"showSkybox":true,"showFlares":true,"showImageEffects":true,"showParticleSystems":true,"showVisualEffectGraphs":true,"m_FxEnabled":true},"in2DMode":false,"pivot":{"x":-30.715984344482423,"y":1.7740685939788819,"z":1.1920928955078126e-7},"rotation":{"x":0.08429108560085297,"y":-0.061840467154979709,"z":0.005246075335890055,"w":0.9945103526115418},"size":16.93204689025879,"orthographic":false}